id_x,id_y,TF
mil_0565,spa_01989,True
mil_1930,spa_04585,True
mil_0223,spa_07306,True
mil_0052,spa_05023,True
mil_0035,spa_04505,True
mil_1165,spa_08259,True
mil_0338,spa_00338,False
mil_3550,spa_00869,True
mil_0565,spa_06738,True
mil_0501,,False
mil_0132,spa_00132,False
mil_0432,spa_00432,False
mil_1255,spa_08013,True
mil_0124,spa_00124,False
mil_0103,spa_00103,False
mil_0071,spa_00071,False
mil_1255,spa_08214,True
mil_1928,spa_02527,True
mil_0288,spa_03198,True
mil_3830,spa_06058,True
mil_1255,spa_03316,True
mil_0438,spa_00438,False
mil_0483,spa_00483,False
mil_0565,spa_07654,True
mil_0565,spa_07010,True
mil_2584,spa_05501,True
mil_0109,spa_00109,False
mil_0824,spa_01301,True
mil_0240,spa_00240,False
mil_0894,spa_09972,True
mil_3645,spa_08238,True
mil_2458,spa_08426,True
mil_0235,spa_00235,False
mil_1872,spa_08705,True
mil_2035,spa_09186,True
mil_2716,spa_00661,True
mil_0013,spa_00013,False
mil_0116,spa_02689,True
mil_0287,spa_00287,False
mil_0271,spa_00271,False
mil_4075,spa_08700,True
mil_0337,spa_00337,False
mil_0565,spa_00554,True
mil_0308,spa_00308,False
mil_0339,spa_00339,False
mil_0145,spa_00145,False
mil_1928,spa_06115,True
mil_2932,spa_07435,True
mil_3532,spa_05541,True
mil_3645,spa_09524,True
mil_1928,spa_03716,True
mil_0151,spa_00151,False
mil_0122,spa_00122,False
mil_1341,spa_05994,True
mil_0035,spa_09828,True
mil_0616,spa_09606,True
mil_0035,spa_03123,True
mil_0154,spa_00154,False
mil_0157,spa_00157,False
mil_0477,spa_00477,False
mil_0209,spa_00209,False
mil_0437,spa_00437,False
mil_0035,spa_04632,True
mil_1051,spa_00748,True
mil_0358,spa_00358,False
mil_4580,spa_05166,True
mil_0401,spa_00401,False
mil_0486,spa_00486,False
mil_1928,spa_01456,True
mil_0469,spa_00469,False
mil_0296,spa_00296,False
mil_0355,spa_00355,False
mil_1851,spa_03774,True
mil_0280,spa_00280,False
mil_1255,spa_08190,True
mil_2823,spa_05464,True
mil_0129,spa_00129,False
mil_0330,spa_00330,False
mil_0035,spa_09339,True
mil_0215,spa_00215,False
mil_2551,spa_01053,True
mil_0064,spa_00064,False
mil_0082,spa_00082,False
mil_3140,spa_02867,True
mil_0480,spa_00480,False
mil_2672,spa_09211,True
mil_0403,spa_00403,False
mil_0144,spa_00144,False
mil_3858,spa_03711,True
mil_2838,spa_05351,True
mil_3802,spa_04438,True
mil_0206,spa_00206,False
mil_0251,spa_00251,False
mil_0565,spa_02685,True
mil_0468,spa_00468,False
mil_0028,spa_00028,False
mil_0762,spa_05658,True
mil_0121,spa_00121,False
mil_2240,spa_06077,True
mil_4094,spa_03219,True
mil_0217,spa_00217,False
mil_0413,spa_00413,False
mil_0914,spa_06293,True
mil_4141,spa_05045,True
mil_0052,spa_09992,True
mil_2417,spa_07632,True
mil_2732,spa_00659,True
mil_0288,spa_09990,True
mil_0222,spa_00222,False
mil_1963,spa_00265,True
mil_0487,spa_00487,False
mil_0914,spa_06294,True
mil_1650,spa_02880,True
mil_0248,spa_00248,False
mil_0762,spa_01212,True
mil_0493,spa_06764,True
mil_0452,spa_00452,False
mil_0035,spa_00026,True
mil_0088,spa_00088,False
mil_4629,spa_09624,True
mil_4736,spa_06846,True
mil_2561,spa_05628,True
mil_0021,spa_00021,False
mil_0236,spa_00236,False
mil_2088,spa_05289,True
mil_2601,spa_09200,True
mil_0375,spa_00375,False
mil_0498,spa_00498,False
mil_0500,spa_00500,False
mil_3293,spa_05461,True
mil_0470,spa_00470,False
mil_0565,spa_02264,True
mil_3509,spa_05914,True
mil_0418,spa_00418,False
mil_0426,spa_00426,False
mil_1751,spa_09797,True
mil_0321,spa_04301,True
mil_0080,spa_00080,False
mil_0425,spa_00425,False
mil_0369,spa_05677,True
mil_0505,,False
mil_0481,spa_00481,False
mil_0016,spa_00016,False
mil_1051,spa_00022,True
mil_0279,spa_00279,False
mil_2035,spa_09187,True
mil_0288,spa_07631,True
mil_0204,spa_00204,False
mil_0324,spa_00324,False
mil_0288,spa_08351,True
mil_1140,spa_01289,True
mil_0143,spa_00143,False
mil_0440,spa_00440,False
mil_1162,spa_03176,True
mil_0257,spa_00257,False
mil_2247,spa_05863,True
mil_4552,spa_09841,True
mil_0565,spa_01721,True
mil_2798,spa_01246,True
mil_0115,spa_00115,False
mil_0318,spa_00318,False
mil_0092,spa_00092,False
mil_0897,spa_02451,True
mil_2821,spa_05619,True
mil_0138,spa_00138,False
mil_0227,spa_00227,False
mil_1253,spa_08408,True
mil_0168,spa_00168,False
mil_0153,spa_00153,False
mil_0451,spa_00451,False
mil_0009,spa_09652,True
mil_0194,spa_00194,False
mil_0454,spa_00454,False
mil_0098,spa_00098,False
mil_2201,spa_00260,True
mil_0077,spa_00151,True
mil_0272,spa_00272,False
mil_0022,spa_08817,True
mil_0160,spa_00160,False
mil_0040,spa_00040,False
mil_0439,spa_00439,False
mil_0565,spa_06737,True
mil_1388,spa_00781,True
mil_3636,spa_04964,True
mil_3310,spa_05041,True
mil_0497,spa_00497,False
mil_0035,spa_02690,True
mil_0128,spa_00128,False
mil_3214,spa_01110,True
mil_0377,spa_00377,False
mil_0189,spa_00189,False
mil_0035,spa_06194,True
mil_0011,spa_00011,False
mil_1627,spa_01268,True
mil_0035,spa_03286,True
mil_0191,spa_00191,False
mil_0373,spa_00373,False
mil_1255,spa_03964,True
mil_0185,spa_00185,False
mil_0565,spa_08608,True
mil_0063,spa_00063,False
mil_0074,spa_00074,False
mil_0565,spa_03145,True
mil_0268,spa_09754,True
mil_0502,,False
mil_0347,spa_00347,False
mil_1839,spa_06051,True
mil_4518,spa_07822,True
mil_0254,spa_00254,False
mil_2240,spa_07662,True
mil_0506,,False
mil_0077,spa_00077,False
mil_0057,spa_00057,False
mil_0353,spa_00353,False
mil_2848,spa_01973,True
mil_0473,spa_00473,False
mil_0467,spa_00467,False
mil_0491,spa_00491,False
mil_0137,spa_00137,False
mil_2406,spa_09651,True
mil_4609,spa_00547,True
mil_3603,spa_06812,True
mil_1540,spa_05010,True
mil_0104,spa_00104,False
mil_3277,spa_00502,True
mil_0493,spa_07621,True
mil_4413,spa_07638,True
mil_0019,spa_00019,False
mil_0245,spa_00245,False
mil_0964,spa_08511,True
mil_0301,spa_00301,False
mil_0460,spa_00460,False
mil_0897,spa_08239,True
mil_2886,spa_09525,True
mil_0017,spa_00017,False
mil_0035,spa_01422,True
mil_0221,spa_00221,False
mil_2226,spa_05108,True
mil_1256,spa_07568,True
mil_0565,spa_06595,True
mil_1294,spa_04342,True
mil_3864,spa_05348,True
mil_0131,spa_00131,False
mil_0831,spa_02028,True
mil_0344,spa_00344,False
mil_0174,spa_00174,False
mil_1851,spa_05496,True
mil_0247,spa_00247,False
mil_0371,spa_00371,False
mil_2556,spa_01978,True
mil_0044,spa_00044,False
mil_2337,spa_01702,True
mil_0282,spa_00282,False
mil_0096,spa_00096,False
mil_0455,spa_00455,False
mil_0431,spa_00431,False
mil_2848,spa_01257,True
mil_4248,spa_05135,True
mil_0565,spa_01253,True
mil_0195,spa_00195,False
mil_3317,spa_04831,True
mil_0322,spa_00322,False
mil_0223,spa_00223,False
mil_0249,spa_00249,False
mil_0219,spa_00219,False
mil_0035,spa_07648,True
mil_0970,spa_06091,True
mil_0689,spa_04146,True
mil_0023,spa_00023,False
mil_4659,spa_02080,True
mil_1255,spa_04473,True
mil_1255,spa_01597,True
mil_0400,spa_00400,False
mil_1253,spa_00374,True
mil_0453,spa_00453,False
mil_1851,spa_05499,True
mil_0270,spa_00270,False
mil_0029,spa_00029,False
mil_0565,spa_00076,True
mil_0035,spa_00272,True
mil_1851,spa_08100,True
mil_1256,spa_01211,True
mil_1851,spa_06484,True
mil_0035,spa_00625,True
mil_2610,spa_09833,True
mil_1851,spa_03959,True
mil_0565,spa_09181,True
mil_0303,spa_00303,False
mil_0039,spa_00039,False
mil_0434,spa_00434,False
mil_0276,spa_04031,True
mil_0186,spa_00186,False
mil_1947,spa_03439,True
mil_0113,spa_00113,False
mil_3756,spa_04063,True
mil_3016,spa_07963,True
mil_0116,spa_05586,True
mil_0565,spa_03359,True
mil_0354,spa_00354,False
mil_0022,spa_09926,True
mil_0035,spa_03122,True
mil_0252,spa_00252,False
mil_1089,spa_06674,True
mil_2417,spa_06486,True
mil_0255,spa_00255,False
mil_0423,spa_00423,False
mil_0118,spa_00118,False
mil_2734,spa_03732,True
mil_0035,spa_04835,True
mil_2240,spa_04519,True
mil_0117,spa_02612,True
mil_1255,spa_07942,True
mil_0409,spa_00409,False
mil_1097,spa_01908,True
mil_0081,spa_00081,False
mil_0457,spa_00457,False
mil_0211,spa_00211,False
mil_4695,spa_05854,True
mil_2088,spa_05090,True
mil_3428,spa_01637,True
mil_0565,spa_04121,True
mil_0294,spa_00294,False
mil_0449,spa_00449,False
mil_4092,spa_00749,True
mil_2070,spa_01981,True
mil_0198,spa_00198,False
mil_0019,spa_05335,True
mil_0565,spa_05075,True
mil_0274,spa_00274,False
mil_0196,spa_00196,False
mil_4614,spa_03553,True
mil_0059,spa_00059,False
mil_0136,spa_00136,False
mil_0307,spa_00307,False
mil_2070,spa_01241,True
mil_2705,spa_06734,True
mil_0260,spa_00260,False
mil_2728,spa_03605,True
mil_0327,spa_00327,False
mil_0176,spa_00176,False
mil_0060,spa_00060,False
mil_0351,spa_00351,False
mil_0369,spa_01985,True
mil_0045,spa_00045,False
mil_0214,spa_00214,False
mil_4232,spa_09587,True
mil_2035,spa_07641,True
mil_0291,spa_00291,False
mil_3645,spa_04504,True
mil_3239,spa_08374,True
mil_4133,spa_04065,True
mil_1108,spa_04943,True
mil_1007,spa_06037,True
mil_0493,spa_00493,False
mil_1256,spa_04472,True
mil_0356,spa_00356,False
mil_0126,spa_00126,False
mil_3244,spa_02830,True
mil_0262,spa_00262,False
mil_0133,spa_00133,False
mil_0407,spa_00407,False
mil_1361,spa_06879,True
mil_0458,spa_00458,False
mil_0329,spa_00329,False
mil_1641,spa_05466,True
mil_0123,spa_00123,False
mil_0243,spa_00243,False
mil_0015,spa_06540,True
mil_0035,spa_06650,True
mil_2653,spa_03237,True
mil_2070,spa_08065,True
mil_0212,spa_00212,False
mil_2806,spa_02260,True
mil_0815,spa_08734,True
mil_0192,spa_00192,False
mil_0466,spa_00466,False
mil_1051,spa_06433,True
mil_0499,spa_00499,False
mil_1388,spa_06888,True
mil_1684,spa_04476,True
mil_0297,spa_00297,False
mil_0035,spa_03184,True
mil_2653,spa_06655,True
mil_0253,spa_00253,False
mil_1928,spa_03715,True
mil_4319,spa_03360,True
mil_0100,spa_00100,False
mil_0442,spa_00442,False
mil_2406,spa_02816,True
mil_2417,spa_01126,True
mil_0863,spa_03673,True
mil_4280,spa_09234,True
mil_0183,spa_00183,False
mil_0565,spa_05189,True
mil_0237,spa_00237,False
mil_0440,spa_04169,True
mil_0224,spa_00224,False
mil_0471,spa_00471,False
mil_1540,spa_03320,True
mil_0288,spa_01829,True
mil_0167,spa_00167,False
mil_0488,spa_00488,False
mil_1256,spa_00903,True
mil_1244,spa_09235,True
mil_0188,spa_00188,False
mil_0441,spa_00441,False
mil_1256,spa_09128,True
mil_0415,spa_00415,False
mil_0422,spa_00422,False
mil_0565,spa_08804,True
mil_0147,spa_00147,False
mil_0362,spa_00362,False
mil_0184,spa_00184,False
mil_2348,spa_06372,True
mil_0694,spa_08533,True
mil_0565,spa_08610,True
mil_2712,spa_07266,True
mil_0035,spa_03657,True
mil_2653,spa_02303,True
mil_0334,spa_00334,False
mil_0072,spa_00072,False
mil_0024,spa_00024,False
mil_0402,spa_00402,False
mil_4055,spa_00546,True
mil_0493,spa_04469,True
mil_0988,spa_07647,True
mil_2383,spa_08986,True
mil_0019,spa_03808,True
mil_0853,spa_06187,True
mil_1007,spa_07916,True
mil_0035,spa_01543,True
mil_1947,spa_08274,True
mil_4319,spa_04180,True
mil_4573,spa_02296,True
mil_0478,spa_00478,False
mil_0102,spa_00102,False
mil_0387,spa_00387,False
mil_0066,spa_00066,False
mil_0914,spa_06276,True
mil_0482,spa_00482,False
mil_0288,spa_04481,True
mil_0134,spa_00134,False
mil_1928,spa_04763,True
mil_0436,spa_00436,False
mil_1684,spa_00102,True
mil_0493,spa_09192,True
mil_2989,spa_03298,True
mil_0030,spa_04518,True
mil_3583,spa_06376,True
mil_2653,spa_06067,True
mil_0998,spa_09725,True
mil_0565,spa_07629,True
mil_0317,spa_00317,False
mil_1350,spa_03719,True
mil_0652,spa_03604,True
mil_0090,spa_00090,False
mil_0051,spa_00051,False
mil_0753,spa_08457,True
mil_2240,spa_07661,True
mil_4552,spa_09127,True
mil_0008,spa_00008,False
mil_0139,spa_00139,False
mil_2554,spa_00867,True
mil_2417,spa_00328,True
mil_0275,spa_00275,False
mil_0493,spa_09680,True
mil_0146,spa_00146,False
mil_0009,spa_04067,True
mil_0015,spa_00015,False
mil_0565,spa_01970,True
mil_0007,spa_00007,False
mil_2760,spa_00099,True
mil_0361,spa_00361,False
mil_0286,spa_00286,False
mil_0211,spa_02178,True
mil_0323,spa_00323,False
mil_4712,spa_00995,True
mil_1255,spa_04795,True
mil_0002,spa_00002,False
mil_0345,spa_00345,False
mil_1846,spa_00763,True
mil_1928,spa_06949,True
mil_0199,spa_00199,False
mil_0331,spa_00331,False
mil_0293,spa_00293,False
mil_0424,spa_00424,False
mil_0162,spa_00162,False
mil_0756,spa_03175,True
mil_0116,spa_00116,False
mil_0180,spa_00180,False
mil_1261,spa_07225,True
mil_0166,spa_00166,False
mil_0014,spa_00014,False
mil_2406,spa_03765,True
mil_3645,spa_09995,True
mil_0372,spa_00372,False
mil_3379,spa_09623,True
mil_3645,spa_08800,True
mil_0321,spa_00321,False
mil_0312,spa_00312,False
mil_0446,spa_00446,False
mil_0390,spa_00390,False
mil_4114,spa_09265,True
mil_1475,spa_04068,True
mil_0762,spa_05188,True
mil_0005,spa_00005,False
mil_0504,,False
mil_0273,spa_00273,False
mil_0266,spa_00266,False
mil_0105,spa_00105,False
mil_0565,spa_07922,True
mil_0030,spa_00030,False
mil_1479,spa_02656,True
mil_2042,spa_03685,True
mil_1604,spa_02643,True
mil_0475,spa_00475,False
mil_0250,spa_00250,False
mil_0173,spa_00173,False
mil_0464,spa_00464,False
mil_1255,spa_05949,True
mil_0148,spa_00148,False
mil_0049,spa_00049,False
mil_0111,spa_00111,False
mil_2387,spa_06733,True
mil_0433,spa_00433,False
mil_0855,spa_01267,True
mil_0914,spa_06288,True
mil_0187,spa_00187,False
mil_0205,spa_02834,True
mil_0163,spa_00163,False
mil_0914,spa_01473,True
mil_0493,spa_05583,True
mil_0193,spa_00193,False
mil_0106,spa_00106,False
mil_0035,spa_00267,True
mil_0076,spa_00076,False
mil_4056,spa_06748,True
mil_0459,spa_00459,False
mil_0628,spa_02118,True
mil_0035,spa_06060,True
mil_0035,spa_01213,True
mil_0385,spa_00385,False
mil_1627,spa_01245,True
mil_0156,spa_00156,False
mil_0079,spa_00079,False
mil_0762,spa_04492,True
mil_0949,spa_08935,True
mil_4481,spa_08072,True
mil_0333,spa_00333,False
mil_0416,spa_00416,False
mil_0068,spa_00068,False
mil_0382,spa_00382,False
mil_0178,spa_00178,False
mil_2645,spa_00912,True
mil_0035,spa_05193,True
mil_0035,spa_09195,True
mil_1256,spa_07622,True
mil_0332,spa_00332,False
mil_0291,spa_07920,True
mil_0108,spa_00108,False
mil_0404,spa_00404,False
mil_0119,spa_00119,False
mil_0379,spa_00379,False
mil_0988,spa_02449,True
mil_0394,spa_00394,False
mil_0434,spa_01288,True
mil_1684,spa_04810,True
mil_3202,spa_09182,True
mil_0565,spa_06766,True
mil_0086,spa_00086,False
mil_3530,spa_08382,True
mil_0125,spa_00125,False
mil_0490,spa_00490,False
mil_0381,spa_00381,False
mil_0171,spa_00171,False
mil_2383,spa_04784,True
mil_0565,spa_01725,True
mil_2705,spa_09085,True
mil_0369,spa_00369,False
mil_0061,spa_00061,False
mil_0043,spa_00043,False
mil_1851,spa_06597,True
mil_0503,,False
mil_0203,spa_00203,False
mil_0288,spa_00438,True
mil_0037,spa_00037,False
mil_0489,spa_00489,False
mil_0035,spa_00035,False
mil_0101,spa_00101,False
mil_1585,spa_08345,True
mil_0277,spa_00277,False
mil_2748,spa_00474,True
mil_0462,spa_00462,False
mil_0035,spa_07014,True
mil_0949,spa_07357,True
mil_0463,spa_00463,False
mil_0052,spa_04503,True
mil_0465,spa_00465,False
mil_0161,spa_00161,False
mil_0114,spa_00114,False
mil_4056,spa_09981,True
mil_0911,spa_02843,True
mil_0140,spa_00140,False
mil_0182,spa_00182,False
mil_3539,spa_04386,True
mil_0130,spa_00130,False
mil_1977,spa_04768,True
mil_1928,spa_03717,True
mil_3466,spa_06444,True
mil_0207,spa_00207,False
mil_4133,spa_05751,True
mil_0443,spa_00443,False
mil_0226,spa_00226,False
mil_0411,spa_00411,False
mil_2949,spa_00444,True
mil_0033,spa_00033,False
mil_0276,spa_00276,False
mil_3244,spa_01982,True
mil_2621,spa_03266,True
mil_4608,spa_07233,True
mil_2021,spa_05022,True
mil_0020,spa_00020,False
mil_0406,spa_00406,False
mil_0313,spa_00313,False
mil_0208,spa_00208,False
mil_0025,spa_00025,False
mil_0216,spa_00216,False
mil_0414,spa_00414,False
mil_0164,spa_00164,False
mil_0299,spa_00299,False
mil_0360,spa_00360,False
mil_0565,spa_07630,True
mil_0393,spa_00393,False
mil_0022,spa_00022,False
mil_0089,spa_00089,False
mil_0325,spa_00325,False
mil_0067,spa_00067,False
mil_1007,spa_01984,True
mil_0368,spa_01287,True
mil_0565,spa_05471,True
mil_0010,spa_00010,False
mil_0110,spa_00110,False
mil_0200,spa_00200,False
mil_0816,spa_05618,True
mil_0289,spa_00289,False
mil_1255,spa_03507,True
mil_0762,spa_07653,True
mil_0474,spa_00474,False
mil_1925,spa_07985,True
mil_0087,spa_00087,False
mil_0420,spa_00420,False
mil_0448,spa_00448,False
mil_0093,spa_00093,False
mil_1787,spa_04188,True
mil_0233,spa_00233,False
mil_1255,spa_04819,True
mil_0127,spa_00127,False
mil_0112,spa_00112,False
mil_1812,spa_01890,True
mil_0762,spa_01972,True
mil_0328,spa_00328,False
mil_0367,spa_00367,False
mil_3551,spa_02429,True
mil_0493,spa_00922,True
mil_4736,spa_08080,True
mil_0044,spa_08766,True
mil_3326,spa_07744,True
mil_2653,spa_06767,True
mil_0793,spa_09183,True
mil_0054,spa_00054,False
mil_2735,spa_03180,True
mil_0213,spa_00213,False
mil_0046,spa_00046,False
mil_0035,spa_07620,True
mil_2543,spa_04668,True
mil_0032,spa_00032,False
mil_1037,spa_00475,True
mil_0158,spa_00158,False
mil_0421,spa_00421,False
mil_0484,spa_00484,False
mil_0047,spa_00047,False
mil_3310,spa_06065,True
mil_2653,spa_09991,True
mil_0152,spa_00152,False
mil_1162,spa_04825,True
mil_0035,spa_01423,True
mil_0231,spa_00231,False
mil_0078,spa_00078,False
mil_0634,spa_08501,True
mil_1443,spa_06053,True
mil_0050,spa_00050,False
mil_2989,spa_01894,True
mil_0659,spa_06792,True
mil_0295,spa_00295,False
mil_0042,spa_00042,False
mil_0099,spa_00099,False
mil_0239,spa_06675,True
mil_1255,spa_08609,True
mil_0340,spa_00340,False
mil_2149,spa_01205,True
mil_0309,spa_00309,False
mil_0027,spa_00027,False
mil_0427,spa_00427,False
mil_4433,spa_01265,True
mil_0496,spa_00496,False
mil_2406,spa_09609,True
mil_0447,spa_00447,False
mil_0565,spa_05459,True
mil_2122,spa_05647,True
mil_0089,spa_02784,True
mil_0359,spa_00359,False
mil_0391,spa_00391,False
mil_0305,spa_00305,False
mil_2595,spa_05550,True
mil_2595,spa_06732,True
mil_1963,spa_01699,True
mil_4319,spa_00609,True
mil_0435,spa_00435,False
mil_0204,spa_05069,True
mil_3676,spa_07020,True
mil_0386,spa_00386,False
mil_2497,spa_00136,True
mil_1851,spa_08101,True
mil_0398,spa_00398,False
mil_4711,spa_06668,True
mil_0493,spa_01980,True
mil_0035,spa_04122,True
mil_0038,spa_00038,False
mil_2371,spa_06759,True
mil_3184,spa_08093,True
mil_2016,spa_00595,True
mil_0565,spa_09021,True
mil_0012,spa_00012,False
mil_1007,spa_02965,True
mil_0336,spa_00336,False
mil_0035,spa_02687,True
mil_3942,spa_03817,True
mil_0368,spa_00368,False
mil_0326,spa_00326,False
mil_0285,spa_00285,False
mil_0026,spa_00026,False
mil_1255,spa_04497,True
mil_0357,spa_00357,False
mil_3054,spa_07747,True
mil_0268,spa_00268,False
mil_0031,spa_00031,False
mil_0035,spa_06765,True
mil_0288,spa_08615,True
mil_1949,spa_04539,True
mil_0408,spa_00408,False
mil_0479,spa_00479,False
mil_0461,spa_00461,False
mil_0405,spa_00405,False
mil_0009,spa_08348,True
mil_2989,spa_06532,True
mil_0314,spa_03924,True
mil_1503,spa_08977,True
mil_0117,spa_00117,False
mil_0035,spa_08218,True
mil_3134,spa_01943,True
mil_0380,spa_00380,False
mil_1255,spa_06561,True
mil_2820,spa_08153,True
mil_2806,spa_07428,True
mil_0341,spa_00341,False
mil_2705,spa_06471,True
mil_0485,spa_00485,False
mil_0343,spa_00343,False
mil_3538,spa_00673,True
mil_2387,spa_07417,True
mil_0246,spa_00246,False
mil_0149,spa_00149,False
mil_2088,spa_00803,True
mil_0179,spa_00179,False
mil_0366,spa_00366,False
mil_0472,spa_09826,True
mil_0320,spa_00320,False
mil_1963,spa_05664,True
mil_0094,spa_00094,False
mil_0494,spa_00494,False
mil_0265,spa_00265,False
mil_0315,spa_00315,False
mil_1987,spa_00885,True
mil_0269,spa_00269,False
mil_0288,spa_01701,True
mil_0065,spa_00065,False
mil_2088,spa_09534,True
mil_0035,spa_05098,True
mil_0430,spa_00430,False
mil_3858,spa_08539,True
mil_0141,spa_00141,False
mil_0035,spa_07655,True
mil_0035,spa_02842,True
mil_2088,spa_05287,True
mil_0383,spa_00383,False
mil_0261,spa_00261,False
mil_0258,spa_00258,False
mil_0202,spa_00202,False
mil_0175,spa_00175,False
mil_0036,spa_00036,False
mil_1388,spa_08320,True
mil_2705,spa_02686,True
mil_0563,spa_01913,True
mil_0316,spa_00316,False
mil_0531,spa_07626,True
mil_0181,spa_00181,False
mil_0120,spa_00120,False
mil_0495,spa_00495,False
mil_0259,spa_00259,False
mil_0052,spa_00052,False
mil_1162,spa_07445,True
mil_0035,spa_05662,True
mil_0159,spa_00159,False
mil_0376,spa_00376,False
mil_0452,spa_07652,True
mil_2705,spa_07415,True
mil_3244,spa_02637,True
mil_0035,spa_08191,True
mil_0849,spa_03826,True
mil_1007,spa_06363,True
mil_1191,spa_06223,True
mil_0970,spa_01306,True
mil_2653,spa_00025,True
mil_0472,spa_00472,False
mil_1300,spa_05165,True
mil_0450,spa_00450,False
mil_0232,spa_00232,False
mil_1108,spa_01251,True
mil_0410,spa_00410,False
mil_0172,spa_00172,False
mil_0218,spa_00218,False
mil_0155,spa_00155,False
mil_0395,spa_00395,False
mil_1928,spa_09407,True
mil_0169,spa_00169,False
mil_0476,spa_00476,False
mil_4380,spa_01716,True
mil_2057,spa_00456,True
mil_0223,spa_05729,True
mil_0412,spa_06463,True
mil_4539,spa_04460,True
mil_0267,spa_00267,False
mil_0095,spa_00095,False
mil_0281,spa_00281,False
mil_0035,spa_07649,True
mil_0170,spa_00170,False
mil_0352,spa_00352,False
mil_0035,spa_05194,True
mil_0517,spa_02525,True
mil_4003,spa_03962,True
mil_0310,spa_00310,False
mil_2321,spa_08250,True
mil_0035,spa_03131,True
mil_3812,spa_05540,True
mil_0135,spa_00135,False
mil_0298,spa_00298,False
mil_0371,spa_02548,True
mil_2503,spa_02871,True
mil_2309,spa_06414,True
mil_0335,spa_00335,False
mil_0349,spa_00349,False
mil_0914,spa_06275,True
mil_0565,spa_02259,True
mil_0412,spa_00412,False
mil_0197,spa_00197,False
mil_0565,spa_09994,True
mil_0292,spa_00292,False
mil_2691,spa_02523,True
mil_0150,spa_03729,True
mil_2309,spa_09599,True
mil_1925,spa_06874,True
mil_0210,spa_00210,False
mil_0565,spa_05983,True
mil_4406,spa_07109,True
mil_0055,spa_00055,False
mil_1977,spa_01248,True
mil_0847,spa_07385,True
mil_0035,spa_08904,True
mil_0678,spa_00872,True
mil_0378,spa_00378,False
mil_0399,spa_00399,False
mil_1007,spa_03506,True
mil_0388,spa_00388,False
mil_0150,spa_00150,False
mil_1007,spa_01262,True
mil_0428,spa_00428,False
mil_0242,spa_00242,False
mil_0283,spa_00283,False
mil_2798,spa_07616,True
mil_0035,spa_01544,True
mil_0306,spa_00306,False
mil_2806,spa_07491,True
mil_1130,spa_02095,True
mil_0370,spa_00370,False
mil_0205,spa_02783,True
mil_0565,spa_07019,True
mil_0314,spa_00314,False
mil_1255,spa_08946,True
mil_1851,spa_02024,True
mil_0229,spa_00229,False
mil_0397,spa_00397,False
mil_0302,spa_00302,False
mil_1217,spa_02455,True
mil_0097,spa_00097,False
mil_4404,spa_02140,True
mil_0517,spa_00953,True
mil_0290,spa_00290,False
mil_0230,spa_00230,False
mil_0445,spa_00445,False
mil_0205,spa_00205,False
mil_0228,spa_00228,False
mil_0190,spa_00190,False
mil_0256,spa_00256,False
mil_1061,spa_03521,True
mil_0565,spa_08350,True
mil_1253,spa_09933,True
mil_0034,spa_00034,False
mil_4627,spa_00713,True
mil_0003,spa_00003,False
mil_0018,spa_00018,False
mil_2321,spa_03563,True
mil_2748,spa_08538,True
mil_0364,spa_00364,False
mil_0225,spa_00225,False
mil_1051,spa_00910,True
mil_0565,spa_01822,True
mil_1574,spa_04829,True
mil_0201,spa_00201,False
mil_1261,spa_08793,True
mil_0348,spa_00348,False
mil_2821,spa_05620,True
mil_0220,spa_00220,False
mil_0565,spa_10000,True
mil_4176,spa_08028,True
mil_1627,spa_04439,True
mil_0365,spa_00365,False
mil_0073,spa_00073,False
mil_0056,spa_00056,False
mil_3837,spa_04862,True
mil_0234,spa_00234,False
mil_0001,spa_00001,False
mil_0264,spa_00264,False
mil_2015,spa_07748,True
